id;title;description;info;info_content_type
1;mobile Fish;Home Loan Account Table Computer;536176696e6773204163636f756e7420616c61726d;image/png
2;Tasty Metal Bacon;red Chips Soap;7765622d72656164696e657373;image/png
3;Namibia;Steel zero administration;677265792043616d6272696467657368697265;image/png
4;Canyon HDD;Table Small Frozen Sausages Planner;696e666f6d6564696172696573;image/png
5;Investment Account;Games Regional Digitized;4d61796f747465;image/png
6;Industrial;connect Markets Chief;736b7920626c756520546173747920506c61737469632050697a7a61;image/png
7;compress South Georgia and the South Sandwich Islands;compelling mission-critical;536d616c6c;image/png
8;deliverables reinvent 24 hour;overriding;776f726c642d636c6173732046726f7a656e204942;image/png
9;Highway Ergonomic;moratorium moratorium;46726f7a656e20627573;image/png
10;hard drive Robust Networked;Poland;4f7574646f6f7273;image/png
